BUSINESSID,NAME,REGISTRATIONDATE,COMPANYFORM
3488028-8,Kiinteistö Oy Tokmanni Suonenjoki,2024-11-06,Osakeyhtiö
3488030-9,Kiinteistö Oy Tokmanni Nilsiä,2024-11-06,Osakeyhtiö
3488039-2,Lakiasiaintoimisto - Juridisk ByrÃ¥ Oy Huhtamäki Ab,2024-11-06,Osakeyhtiö
3488042-1,Sonsaeng Oy,2024-11-06,Osakeyhtiö
3488049-9,Inja Group Oy,2024-11-06,Osakeyhtiö
3488116-8,Kiinteistö Oy MHR 50,2024-11-06,Osakeyhtiö
3488120-5,Kiinteistö Oy MHR 49,2024-11-06,Osakeyhtiö
3488121-3,Kiinteistö Oy MHR 48,2024-11-06,Osakeyhtiö
3488222-4,Vector Alpha Oy,2024-11-06,Osakeyhtiö
3488233-9,Alttojärvi Oy,2024-11-06,Osakeyhtiö
3488249-4,Maeto Oy,2024-11-06,Osakeyhtiö
